cartografia;db_publicacion_catalogo;catalogo;sig_cartas_25000;;cartas_25000;Cartas 1:25.000;orden:40;4326;;;;Cobertura de cartas topográficas a escala 1:25.000 que representan el relieve del terreno y la ubicación de los elementos naturales y artificiales ubicados sobre el mismo.;
cartografia;db_publicacion_catalogo;catalogo;sig_cartas_50000;;cartas_50000;Cartas 1:50.000;orden:30;4326;;;;Cobertura de cartas topográficas a escala 1:50.000 que representan el relieve del terreno y la ubicación de los elementos naturales y artificiales ubicados sobre el mismo.;
cartografia;db_publicacion_catalogo;catalogo;sig_cartas_100000;;cartas_100000;Cartas 1:100.000;orden:20;4326;;;;Cobertura de cartas topográficas a escala 1:100.000 que representan el relieve del terreno y la ubicación de los elementos naturales y artificiales ubicados sobre el mismo.;
cartografia;db_publicacion_catalogo;catalogo;sig_cartas_250000;;cartas_250000;Cartas 1:250.000;orden:10;4326;;;;Cobertura de cartas topográficas a escala 1:250.000 que representan el relieve del terreno y la ubicación de los elementos naturales y artificiales ubicados sobre el mismo.;
cartografia;db_publicacion_catalogo;catalogo;sig_cartas_500000;;cartas_500000;Cartas 1:500.000;orden:0;4326;;;;Cobertura de cartas topográficas a escala 1:500.000 que representan el relieve del terreno y la ubicación de los elementos naturales y artificiales ubicados sobre el mismo.;
defensa-seguridad;db_publicacion_catalogo;catalogo;sig_estructuras_operativas_y_defensivas;;estructuras_operativas_y_defensivas_090101;Institución penitenciaria;;4326;entidad;3;leyenda, geom, nombre_geografico, termino_generico, termino_especifico, autoridad_de_fuente ;Conjunto de instalaciones destinadas al cumplimiento de las penas previstas en las sentencias judiciales, penas pecuniarias (multas) o pena de privación de ciertos derechos.;institucion_penitenciaria_visor
defensa-seguridad;db_publicacion_catalogo;catalogo;sig_estructuras_operativas_y_defensivas;;estructuras_operativas_y_defensivas_090102;Cuartel de bomberos;;4326;entidad;0;leyenda, geom, nombre_geografico, termino_generico, termino_especifico, autoridad_de_fuente ;Estructura preparada para almacenar el equipamiento necesario para apagar fuegos, incluyendo mangueras, vehículos, equipos de protección del personal, extintores de fuego, entre otros. Incluye instalaciones anexas.;cuartel_bomberos_visor
defensa-seguridad;db_publicacion_catalogo;catalogo;sig_estructuras_operativas_y_defensivas;;estructuras_operativas_y_defensivas_FA517;Edificio de seguridad;;4326;entidad;1;leyenda, geom, nombre_geografico, termino_generico, termino_especifico, autoridad_de_fuente;Conjunto de instalaciones, establecimientos o instituciones destinadas a seguridad de la población.;edificio_seguridad_visor
defensa-seguridad;db_publicacion_catalogo;catalogo;sig_instalacion_militar;;instalacion_militar_SU001;Instalación militar;;4326;entidad;1;leyenda, geom, nombre_geografico, termino_generico, termino_especifico, autoridad_de_fuente;Conjunto de instalaciones destinadas al asentamiento de paz de las Fuerzas Armadas.;instalacion_militar_visor
fotogrametria;db_publicacion_public;public;area_vuelos_vant;;area_vuelos_vant_sig;Área de vuelos VANT;;4326;;null;nombre_ign as nombre, fecha_vuel as fecha_vuelo, anio as año, geom, sag as autoridad_de_fuente;Áreas relevadas mediante un Vehículo Aéreo no Tripulado (VANT) utilizando técnicas fotogramétricas.;area_vuelos_vant_visor
fotogrametria;db_publicacion_public;public;area_vuelos_dsr;;area_vuelos_dsr_sig;Área de vuelos;;4326;;null;num_proyec as proyecto, nombre_ign as nombre, sector, fecha_vuel as fecha_vuelo, cant_fotos as cantidad_de_fotos, pixel_cm as "pixel_[cm]", anio as año, geom, sag as autoridad_de_fuente;Áreas relevadas mediante un avión utilizando técnicas fotogramétricas.;area_vuelos_dsr_visor
geodesia-demarcacion;db_publicacion_geodesia;geodesia;geodesia_gravimetria;;gravimetria_bacara;Red gravimétrica BACARA;;4326;red;BACARA;nomenclatura,red,latitud,longitud,cota,gravedad_oficial,tipo_gravedad_oficial,gravedad_nueva,geom;;bacara
geodesia-demarcacion;db_publicacion_geodesia;geodesia;geodesia_gravimetria;;gravimetria_igsn71;Red gravimétrica IGSN 71;;4326;red;IGSN71;nomenclatura,red,latitud,longitud,cota,gravedad_oficial,tipo_gravedad_oficial,gravedad_nueva,geom;International Gravity Standardization Net 1971;gravimetrica_igsn71
geodesia-demarcacion;db_publicacion_geodesia;geodesia;geodesia_gravimetria;;gravimetria_raga;Red gravimétrica RAGA;;4326;red;RAGA;nomenclatura,red,latitud,longitud,cota,gravedad_oficial,tipo_gravedad_oficial,gravedad_nueva,geom;;red_gravedad_absoluta
geodesia-demarcacion;db_publicacion_geodesia;geodesia;geodesia_gravimetria;;gravimetria_rpo;Red gravimétrica de Primer Orden;;4326;red;RPO;nomenclatura,red,latitud,longitud,cota,gravedad_oficial,tipo_gravedad_oficial,gravedad_nueva,geom;;gravimetrica_primer_orden
geodesia-demarcacion;db_publicacion_geodesia;geodesia;geodesia_gravimetria;;gravimetria_rso;Red gravimétrica de Segundo Orden;;4326;red;RSO;nomenclatura,red,latitud,longitud,cota,gravedad_oficial,tipo_gravedad_oficial,gravedad_nueva,geom;;gravimetrica_segundo_orden
geodesia-demarcacion;db_publicacion_geodesia;geodesia;geodesia_gravimetria;;gravimetria_rto;Red gravimétrica de Tercer Orden;;4326;red;RTO;nomenclatura,red,latitud,longitud,cota,gravedad_oficial,tipo_gravedad_oficial,gravedad_nueva,geom;;gravimetrica_tercer_orden
geodesia-demarcacion;db_publicacion_geodesia;geodesia;geodesia_planimetria;;red_densificacion_posgar;Red geodésica Densificación POSGAR07;;4326;red;Red Densificación POSGAR;nomenclatura,red,latitud,longitud,altura_elip,estado,ultima_visita,geom;;geodesia_red_densificacion
geodesia-demarcacion;db_publicacion_geodesia;geodesia;geodesia_planimetria;;red_pasma;Red geodésica PASMA;;4326;red;Red PASMA;nomenclatura,red,latitud,longitud,altura_elip,estado,ultima_visita,geom;;geodesia_pasma
geodesia-demarcacion;db_publicacion_geodesia;geodesia;geodesia_planimetria;;red_posgar;Red geodésica POSGAR07;;4326;red;Red POSGAR;nomenclatura,red,latitud,longitud,altura_elip,estado,ultima_visita,geom;;geodesia_posgar07
geodesia-demarcacion;db_publicacion_geodesia;geodesia;geodesia_planimetria;;red_provincial;Red geodésica Provincial;;4326;red;Provincial;nomenclatura,red,latitud,longitud,altura_elip,estado,ultima_visita,geom;;geodesia_red_provincial
geodesia-demarcacion;db_publicacion_geodesia;geodesia;geodesia_altimetria;;nivelacion_alta_precision;Red de nivelación de Alta Precisión;;4326;red;Alta Precisión;nomenclatura,red,latitud,longitud,cota,marca,estado,ultima_visita,geom;;geodesia_red_nivelacion_alta_precision
geodesia-demarcacion;db_publicacion_geodesia;geodesia;geodesia_altimetria;;nivelacion_precision;Red de nivelación de Precisión;;4326;red;Precisión;nomenclatura,red,latitud,longitud,cota,marca,estado,ultima_visita,geom;;geodesia_red_nivelacion_precision
geodesia-demarcacion;db_publicacion_geodesia;geodesia;geodesia_altimetria;;nivelacion_topografica;Red de nivelación Topográfica;;4326;red;Topográfica;nomenclatura,red,latitud,longitud,cota,marca,estado,ultima_visita,geom;;geodesia_red_nivelacion_topografica
geodesia-demarcacion;db_publicacion_geodesia;geodesia;geodesia_ramsac_web;;ramsac;Red de estaciones GPS/GNSS RAMSAC;;4326;;;;Red de estaciones GPS/GNSS permanentes que poseen coordenadas en el Marco de Referencia Geodésico Nacional POSGAR 2007. Esta red es denominada Red Argentina de Monitoreo Satelital Continuo (RAMSAC).;geodesia_red_ramsac_catlgv3_2
habitat-infraestructura-social;db_publicacion_catalogo;catalogo;sig_areas_de_asentamientos_y_edificios;;areas_de_asentamientos_y_edificios_020105;Planta urbana;;4326;entidad;2;objeto, geom, nombre_geografico, termino_generico, termino_especifico, autoridad_de_fuente ;Área urbana aproximada que incluye la zona contigua de amanzanamiento edificado, cuyos límites son reconocibles.;planta_urbana_visor
habitat-infraestructura-social;db_publicacion_catalogo;catalogo;sig_areas_de_asentamientos_y_edificios;;areas_de_asentamientos_y_edificios_020106;Ejido urbano;;4326;entidad;3;objeto, geom, nombre_geografico, termino_generico, termino_especifico, autoridad_de_fuente;Área urbana delimitada legalmente.;ejido_urbano_visor
habitat-infraestructura-social;db_publicacion_catalogo;catalogo;sig_cultura_y_religion;;cultura_y_religion_AL021;Edificio de cultura;;4326;entidad;1;objeto, geom, nombre_geografico, termino_generico, termino_especifico, autoridad_de_fuente;Construcción destinada a la manifestación de expresiones culturales y artísticas.;edificio_cultura_visor
habitat-infraestructura-social;db_publicacion_catalogo;catalogo;sig_puntos_de_ciencia_y_educacion;;edificio_educativo_020601;Edificio educativo;;4326;entidad;0;objeto, geom, nombre_geografico, termino_generico, termino_especifico, autoridad_de_fuente, fuente_de_captura ;Edificio diseñado y equipado para realizar actividades educativas de nivel inicial, primario, secundario, polimodal, terciario o universitario, sea de gestión estatal o privada. Tiene en cuenta la educación común, especial y de adultos.;edificio_educativo_visor
habitat-infraestructura-social;db_publicacion_public;public;v_asentamientos_humanos;;v_asentamientos_humanos;Asentamientos Humanos de la República Argentina (BAHRA);;4326;;;* (TODO LOS CAMPOS SUMINISTRADOS) ;Base de datos oficial y normalizada de localidades y sitios edificados de la República Argentina. Identifica a todos los asentamientos humanos (localidad censal o paraje, sitio edificado) con un nombre unívoco, una coordenada geográfica y un código único, independientemente de la categorización utilizada por los distintos organismos gubernamentales. Resultado del trabajo conjunto entre el Ministerio de Educación, a través del Programa Nacional Mapa Educativo, el Instituto Nacional de Estadística y Censos (INDEC) y el Instituto Geográfico Nacional (IGN).;asentamientos_humano_visor
habitat-infraestructura-social;db_publicacion_catalogo;catalogo;sig_puntos_de_asentamientos_y_edificios;;puntos_de_asentamientos_y_edificios_020101;Edificio gubernamental;;4326;entidad;0;objeto, geom, nombre_geografico, termino_generico, termino_especifico, autoridad_de_fuente;Construcción destinada al asiento de la autoridad oficial de un organismo nacional, provincial, municipal o comunal, y sede de actividades públicas administrativas.;edificio_gubernamental_visor
habitat-infraestructura-social;db_publicacion_catalogo;catalogo;sig_puntos_de_asentamientos_y_edificios;;puntos_de_asentamientos_y_edificios_020107;Base antártica;;4326;entidad;10;objeto, geom, nombre_geografico, termino_generico, termino_especifico, autoridad_de_fuente;Conjunto de instalaciones destinadas a fines científicos ubicadas en el Continente Antártico.;base_antartica_visor
habitat-infraestructura-social;db_publicacion_catalogo;catalogo;sig_salud;;salud_020801;Edificio de salud;;4326;entidad;0;objeto, geom, nombre_geografico, termino_generico, termino_especifico, autoridad_de_fuente ;Conjunto de instalaciones, establecimientos e instituciones en las cuales se brindan los servicios y la atención de salud para la población.;edificio_salud_visor
hidrografia-oceanografia;db_publicacion_catalogo;catalogo;sig_areas_de_aguas_continentales;;areas_de_aguas_continentales_BH020;Canal;;4326;entidad;0;objeto, geom, nombre_geografico, termino_generico, termino_especifico, autoridad_de_fuente;Excavación artificial sin flujo o con flujo controlado, construido con el objetivo de transportar agua.;canal_area_visor
hidrografia-oceanografia;db_publicacion_catalogo;catalogo;sig_areas_de_aguas_continentales;;areas_de_aguas_continentales_BH080;Espejo de agua;;4326;entidad;3;objeto, geom, nombre_geografico, termino_generico, termino_especifico, autoridad_de_fuente ;Cuerpo natural o artificial de agua, dulce o salada, cuyo aporte proviene de corrientes de agua, afloramientos subterráneos o precipitaciones. Quedan excluidos los embalses y los embalses rurales.;espejo_agua_visor
hidrografia-oceanografia;db_publicacion_catalogo;catalogo;sig_areas_de_aguas_continentales;;areas_de_aguas_continentales_BH090;Humedal;;4326;entidad;5;objeto, geom, nombre_geografico, termino_generico, termino_especifico, autoridad_de_fuente  ;Zona inundada con un régimen prácticamente permanente, regulada por factores climáticos. Incluye también las extensiones de marismas, pantanos y turberas, o superficies cubiertas de aguas, sean éstas de régimen natural o artificial, permanentes o temporales, estancadas o corrientes, dulces, salobres o saladas, incluidas las extensiones de agua marina cuya profundidad en marea baja no exceda de seis metros.;humedal_visor
hidrografia-oceanografia;db_publicacion_catalogo;catalogo;sig_areas_de_zona_costera;;areas_de_zona_costera_BA030;Isla;;4326;entidad;3;leyenda,nombre_geografico,termino_generico,termino_especifico,autoridad_de_fuente,fuente_de_captura,tipo_de_isla, geom;Parte de la superficie terrestre rodeada de agua y de dimensiones menores que un continente.;isla_visor
hidrografia-oceanografia;db_publicacion_catalogo;catalogo;sig_lineas_de_aguas_continentales;;lineas_de_aguas_continentales_BH020;Canal;;4326;entidad;1;objeto, geom, nombre_geografico, termino_generico, termino_especifico, autoridad_de_fuente;Excavación artificial sin flujo o con flujo controlado, construido con el objetivo de transportar agua.;canal_linea_visor
hidrografia-oceanografia;db_publicacion_catalogo;catalogo;sig_lineas_de_aguas_continentales;;lineas_de_aguas_continentales_intermitentes;Corriente de agua intermitente;;4326;entidad;14;objeto, geom, nombre_geografico, termino_generico, termino_especifico, autoridad_de_fuente ;Flujo natural de agua temporario que sigue los desniveles del terreno y desemboca en otra corriente de agua, en un espejo de agua o en el mar.;corriente_de_agua_intermitente_visor
hidrografia-oceanografia;db_publicacion_catalogo;catalogo;sig_lineas_de_aguas_continentales;;lineas_de_aguas_continentales_perenne;Corriente de agua perenne;;4326;entidad;13;objeto, geom, nombre_geografico, termino_generico, termino_especifico, autoridad_de_fuente;Flujo natural de agua continua que sigue los desniveles del terreno y desemboca en otra corriente de agua, en un espejo de agua o en el mar.;corriente_de_agua_perenne_visor
hidrografia-oceanografia;db_publicacion_catalogo;catalogo;sig_lineas_de_zona_costera;;lineas_de_zona_costera_BA040;Accidente costero;;4326;entidad;2;leyenda, geom, nombre_geografico, termino_generico, termino_especifico, autoridad_de_fuente ;Configuración geomorfológica de la zona litoral.;accidente_costero_visor
hidrografia-oceanografia;db_publicacion_catalogo;catalogo;sig_puntos_de_puertos_y_muelles;;puntos_de_puertos_y_muelles_BB005;Puerto;;4326;entidad;0;leyenda, nombre_geografico, termino_generico, termino_especifico, autoridad_de_fuente, uso_funcion, tipo_de_rompeolas, fuente_de_captura, geom ;Conjunto de obras, instalaciones y servicios que proporciona el espacio necesario para la estancia de embarcaciones mientras se realizan operaciones de carga, descarga, almacenamiento de productos o materias primas y tránsito de pasajeros.;puntos_de_puertos_visor
hidrografia-oceanografia;db_publicacion_catalogo;catalogo;sig_areas_de_aguas_continentales;;areas_de_aguas_continentales_BH130;Embalse;;4326;entidad;2;objeto, geom, nombre_geografico, termino_generico, termino_especifico, autoridad_de_fuente;Masa de agua retenida por una estructura artificial para su posterior aprovechamiento.;embalse_visor
idera;db_publicacion_public;public;areas_de_zona_costera;;isla;Isla;;4326;entidad;3;entidad, objeto, geom, fna, gna, nam, tis, fdc, sag ;Parte de la superficie terrestre rodeada de agua y de dimensiones menores que un continente.;
idera;db_publicacion_public;public;areas_de_transporte_aereo;;aerodromo_areas;Aeródromo áreas;;4326;entidad;1;entidad, objeto, geom, fna, gna, nam, fun, atv, fdc, sag ;Zona definida sobre tierra o agua (incluidos eventuales edificios, instalaciones y equipos), cuyo propósito es ser utilizada total o parcialmente para la llegada, salida y movimiento en superficie de aeronaves y / o helicópteros.;
idera;db_publicacion_public;public;puntos_de_transporte_aereo;;aerodromo_puntos;Aeródromo puntos;;4326;entidad;1;entidad, objeto, geom, fna, gna, nam, fun, atv, fdc, sag ;Zona definida sobre tierra o agua (incluidos eventuales edificios, instalaciones y equipos), cuyo propósito es ser utilizada total o parcialmente para la llegada, salida y movimiento en superficie de aeronaves y / o helicópteros.;
idera;db_publicacion_public;public;areas_de_aguas_continentales;;areas_de_aguas_continentales;Corriente de agua áreas;;4326;entidad;1;entidad, objeto, geom, fna, gna, nam, hyp, fdc, sag ;Flujo natural de agua que sigue los desniveles del terreno, siendo arreico o desembocando en otra corriente de agua, en un espejo de agua o en el mar.;
idera;db_publicacion_public;public;v_asentamientos_humanos;;asentamiento_humano;Asentamiento humano;;4326;entidad;8;entidad, objeto, geom, fna, gna, nam, ba1, ca1, ca2, tas, fdc, sag;Porción del territorio en donde se asienta la población o se evidencia la presencia de una acción estatal. Se caracteriza por presentar viviendas, aunque estén deshabitadas, edificios donde se asientan dependencias oficiales, edificios donde se concentran las actividades administrativas de explotaciones productivas o alguna infraestructura importante.;
idera;db_publicacion_externos;externos;bahra;;bahra;Base de Asentamientos Humanos de la República Argentina;;4326;;;;La Base de Asentamientos Humanos de la República Argentina (BAHRA) es producto del trabajo conjunto entre el Ministerio de Educación, a través del Programa Nacional Mapa Educativo, el Instituto Nacional de Estadística y Censos (INDEC) y el Instituto Geográfico Nacional (IGN).;
idera;db_publicacion_public;public;vial;;calle;Calle;;4326;entidad;1;entidad, objeto, geom, fna1, gna1, nam1, fna2, gna2, nam2, fun, rst, loc, fdc, sag, nr ;Vía de transporte para circulación en el interior de una planta urbana y que no es parte del acceso a la misma. Delimita las manzanas.;
idera;db_publicacion_public;public;puntos_de_geomorfologia;;cerro;Cerro;;4326;entidad;2;entidad, objeto, geom, fna, gna, nam, alt, fdc, sag;Elevación que sobresale de los lineamientos serranos o montañosos. Incluye monte, morro, nevado, pico, entre otros. No incluye volcán. El nevado es un cerro de gran altura que posee nieves perpetuas en su cumbre y permanece blanco durante todo el año. Un pico es una elevación montañosa, de cumbre aguda y puntiaguda con flancos escarpados.;
idera;db_publicacion_public;public;lineas_de_geomorfologia;;curva_de_nivel;Curva de nivel;;4326;entidad;10;entidad, objeto, geom, hqc, crv, mo2, fdc, sag;Línea que une puntos que tienen el mismo valor de altitud respecto al nivel medio del mar. También se la denomina isohipsa o curva hipsométrica.;
idera;db_publicacion_public;public;departamento;;departamento;Departamento;;4326;entidad;0;entidad, objeto, geom, fna, gna, nam, in1, fdc, sag;División político administrativa de segundo orden. Incluye partido y comuna.;
idera;db_publicacion_public;public;areas_de_asentamientos_y_edificios;;ejido_urbano;Ejido urbano;;4326;entidad;3;entidad, objeto,  geom, fna, gna, nam, fdc, sag;Área urbana delimitada legalmente.;
idera;db_publicacion_public;public;areas_de_aguas_continentales;;espejo_de_agua;Espejo de agua;;4326;entidad;3;entidad, objeto, geom, fna, gna, nam, hyp , fdc, sag ;Cuerpo natural o artificial de agua, dulce o salada, cuyo aporte proviene de corrientes de agua, afloramientos subterráneos o precipitaciones. Quedan excluidos los embalses y los embalses rurales.;
idera;db_publicacion_public;public;puntos_de_transporte_ferroviario;;estacion_ferrocarril;Estación de ferrocarril;;4326;entidad;0;entidad, objeto, geom, fna, gna, nam, fun, feo, fdc, sag ;Instalación edilicia y demás dependencias donde regularmente se detiene el transporte ferroviario, suben y bajan pasajeros y / o mercancías. Incluye apeadero, embarcadero y parada.;
idera;db_publicacion_public;public;lineas_de_transporte_ferroviario;;ferrocarril;Ferrocarril;;4326;entidad;0;entidad, objeto, geom, fna, gna, nam, fun, rgc, ltn, loc, fdc, sag ;Vía férrea constituida por dos o tres rieles o carriles paralelos entre sí, sobre los cuales encajan y giran las ruedas de los trenes (incluye varios modos: ferrocarril, subterráneo, tranvía, entre otros).;
idera;db_publicacion_public;public;linea_de_limite;;limite_gobierno_local;Límite de gobierno local;;4326;entidad;8;entidad, objeto, geom, vlp, fdc, sag;Línea que constituye la representación de la traza demarcadora que delimita un gobierno local de menor jerarquía que un departamento o partido.;
idera;db_publicacion_public;public;linea_de_limite;;limite_interdepartamental;Límite interdepartamental o de partido;;4326;entidad;9;entidad, objeto, geom, vlp, fdc, sag;Línea que constituye la representación de la traza demarcadora que delimita la jurisdicción de un departamento o partido de otro.;
idera;db_publicacion_public;public;linea_de_limite;;limite_internacional;Límite internacional;;4326;entidad;11;entidad, objeto, geom, fdc, sag;Línea que constituye la representación de la traza demarcadora que delimita un país.;
idera;db_publicacion_public;public;linea_de_limite;;limite_interprovincial;Límite interprovincial;;4326;entidad;10;entidad, objeto, geom, vlj, fdc, sag;Línea que constituye la representación de la traza demarcadora que delimita una provincia de otra.;
idera;db_publicacion_public;public;linea_de_limite;;limite_lateral_maritimo;Límite lateral marítimo;;4326;entidad;2;entidad, objeto, geom, fdc, sag;Línea de deslinde entre mares jurisdiccionales contiguos, definida en el Tratado del Río de la Plata su Frente Marítimo.;
idera;db_publicacion_public;public;linea_de_limite;;limite_lecho_y_subsuelo;Límite del lecho y subsuelo;;4326;entidad;1;entidad, objeto, geom, fdc, sag;Línea demarcatoria de aguas jurisdiccionales en los fondos fluviales, definida en el Tratado del Río de la Plata y su Frente Marítimo.;
idera;db_publicacion_public;public;linea_de_limite;;limite_mar_territorial;Límite del Mar Territorioal Argentino;;4326;entidad;4;entidad, objeto, geom, fdc, sag;Delimitación exterior del Mar Territorial Argentino, el cual se extiende hasta una distancia de 12 millas marinas a partir de las líneas de base.;
idera;db_publicacion_public;public;linea_de_limite;;limite_plataforma_continental;Límite de la Plataforma Continental;;4326;entidad;7;entidad, objeto, geom, fdc, sag;Delimitación exterior de la Plataforma Continental, la cual comprende el lecho y el subsuelo de las áreas submarinas que se extienden más allá del mar territorial y a todo lo largo de la prolongación natural del territorio hasta el borde exterior del margen continental, o bien hasta una distancia de 200 millas marinas medidas a partir de las líneas de base, en los casos en que el borde exterior no llegue a esa distancia.;
idera;db_publicacion_public;public;linea_de_limite;;limite_zona_contigua_argentina;Límite de la Zona Contigua Argentina;;4326;entidad;5;entidad, objeto, geom, fdc, sag;Zona marítima que se extiende desde el límite exterior del mar territorial, hasta una distancia de 24 millas marinas medidas a partir de las líneas de base.;
idera;db_publicacion_public;public;linea_de_limite;;limite_zona_de_frontera;Límite de Zona de Frontera;;4326;entidad;12;entidad, objeto, geom, fdc, sag;Línea que constituye la representación de la traza demarcadora que delimita la Zona de Frontera.;
idera;db_publicacion_public;public;linea_de_limite;;limite_zona_economica_exclusiva;Límite de la Zona Económica Exclusiva;;4326;entidad;6;entidad, objeto, geom, fdc, sag ;Delimitación exterior de la Zona Económica Exclusiva Argentina, la cual se extiende más allá del límite exterior del mar territorial, hasta una distancia de 200 millas marinas a partir de las líneas de base.;
idera;db_publicacion_public;public;linea_de_limite;;linea_de_base;Línea de base;;4326;entidad;3;entidad, objeto, geom, fdc, sag;Línea de base normal: Línea a partir de la cual se mide el mar territorial, zona contigua, zona económica exclusiva y plataforma continental. También representa el límite exterior de las aguas interiores. Se define como la línea de bajamar a lo largo de la costa. Es la isobata de 0 metro, que corresponde al nivel del datum vertical local. Línea de base recta: Línea a partir de la cual se mide el mar territorial, zona contigua, zona económica exclusiva y plataforma continental. También representa el límite exterior de las aguas interiores. Se define como la línea recta que une puntos sobre la línea de base normal. Las líneas de base archipelágicas rectas definen la periferia de un grupo  de islas.;
idera;db_publicacion_public;public;linea_de_limite;;linea_de_costa;Línea de costa;;4326;entidad;0; entidad, objeto, geom, fna, gna, nam, fdc, sag;Línea que marca el contacto entre una masa de tierra y un cuerpo de agua, establecida por la línea de las más bajas bajamares, ya sea en las aguas litorales o interiores.;
idera;db_publicacion_public;public;lineas_de_aguas_continentales;;lineas_de_aguas_continentales;Corriente de agua líneas;;4326;entidad;2;entidad, objeto, geom, fna, gna, nam, hyp, fdc, sag;Flujo natural de agua que sigue los desniveles del terreno, siendo arreico o desembocando en otra corriente de agua, en un espejo de agua o en el mar.;
idera;db_publicacion_public;public;mar_territorial_argentino;;mar_territorial_argentino;Mar Territorial Argentino;;4326;entidad;0;entidad, objeto, geom, fdc, sag;Zona marítima que se extiende hasta una distancia de 12 millas marinas a partir de la línea de base.;
idera;db_publicacion_public;public;municipio;;municipio;Municipio;;4326;entidad;0;entidad, objeto, geom, fna, gna, nam, in1, fdc, sag;División político administrativa de tercer orden, que incluye comunas, juntas vecinales y demás formas de gobierno local.;
idera;db_publicacion_public;public;pais;;pais;País;;4326;;;entidad, objeto, geom, fna, gna, nam, fdc, sag;Nación jurídicamente organizada.;
idera;db_publicacion_public;public;areas_de_asentamientos_y_edificios;;planta_urbana;Planta urbana;;4326;entidad;2;entidad, objeto, geom, fna, gna, nam, fdc, sag ;Área urbana aproximada que incluye la zona contigua de amanzanamiento edificado, cuyos límites son reconocibles.;
idera;db_publicacion_public;public;plataforma_continental;;plataforma_continental;Plataforma Continental;;4326;entidad;8;entidad, objeto, geom, fdc, sag;Zona marítima que comprende el lecho y el subsuelo de las áreas submarinas que se extienden más allá del mar territorial y a todo lo largo de la prolongación natural del territorio hasta el borde exterior del margen continental, o bien hasta una distancia de 200 millas marinas contadas desde la línea de base, en los casos en que el borde exterior del margen continental no llegue a esa distancia.;
idera;db_publicacion_public;public;provincia;;provincia;Provincia;;4326;entidad;0;entidad, objeto, geom, fna, gna, nam, in1, fdc, sag;División político territorial de primer orden. Incluye la Ciudad Autónoma de Buenos Aires (CABA).;
idera;db_publicacion_public;public;vial;;red_vial;Red vial;;4326;entidad;0; entidad, objeto, geom, fna1, gna1, nam1, fna2, gna2, nam2, fun, rst, typ, mes, hct, loc, fdc, nr, sag ;Trayecto diseñado con una superficie especialmente preparada, que se mantiene para ser usado por vehículos generalmente a motor.;
idera;db_publicacion_public;public;zona_contigua_argentina;;zona_contigua_argentina;Zona Contigua Argentina;;4326;entidad;1;entidad, objeto, geom, fdc, sag;Zona marítima que se extiende desde el límite exterior del mar territorial, hasta una distancia de 24 millas marinas medidas a partir de las líneas de base.;
idera;db_publicacion_public;public;zona_de_frontera;;zona_de_frontera;Zona de Frontera área;;4326;entidad;9;entidad, objeto, geom, tz1, tzz, fdc, sag;Zona adyacente al límite internacional, que constituye una zona de seguridad destinada a complementar las previsiones territoriales de la defensa nacional y / o un área prioritaria para su desarrollo.;
idera;db_publicacion_public;public;zona_economica_exclusiva_argentina;;zona_economica_exclusiva;Zona Económica Exclusiva Argentina;;4326;entidad;2;entidad, objeto, geom, fdc, sag;Zona marítima que se extiende más allá del límite exterior del mar territorial, hasta una distancia de 200 millas marinas a partir de las líneas de base.;
idera;db_publicacion_geodesia;geodesia;geodesia_geocentrica;;red_geocentrica;Red geocéntrica;;4326;;;;;
idera;db_publicacion_geodesia;geodesia;geodesia_ramsac;;red_ramsac;Red RAMSAC;;4326;;;;;
idera;db_publicacion_geodesia;geodesia;geodesia_altimetria_catlgv3;;red_altimetrica;Red altimétrica;;4326;;;;;
idera;db_publicacion_geodesia;geodesia;geodesia_gravimetria_catlgv3;;red_gravimetrica;Red gravimétrica;;4326;;;;;
ign;db_publicacion_public;public;hojas025;;cartas_25000;Cartas 1:25.000;;4326;;;;;
ign;db_publicacion_public;public;hojas050;;cartas_50000;Cartas 1:50.000;;4326;;;;;
ign;db_publicacion_public;public;hojas100;;cartas_100000;Cartas 1:100.000;;4326;;;;;
ign;db_publicacion_public;public;hojas250;;cartas_250000;Cartas 1:250.000;;4326;;;;;
ign;db_publicacion_public;public;hojas500;;cartas_500000;Cartas 1:500.000;;4326;;;;;
ign;db_publicacion_geodesia;geodesia;geodesia_gravimetria;;gravimetria_bacara;Red gravimétrica BACARA;;4326;red;BACARA;nomenclatura,red,latitud,longitud,cota,gravedad_oficial,tipo_gravedad_oficial,gravedad_nueva,geom;;
ign;db_publicacion_geodesia;geodesia;geodesia_gravimetria;;gravimetria_igsn71;Red gravimétrica IGSN 71;;4326;red;IGSN71;nomenclatura,red,latitud,longitud,cota,gravedad_oficial,tipo_gravedad_oficial,gravedad_nueva,geom;;
ign;db_publicacion_geodesia;geodesia;geodesia_gravimetria;;gravimetria_raga;Red gravimétrica RAGA;;4326;red;RAGA;nomenclatura,red,latitud,longitud,cota,gravedad_oficial,tipo_gravedad_oficial,gravedad_nueva,geom;;
ign;db_publicacion_geodesia;geodesia;geodesia_gravimetria;;gravimetria_rpo;Red gravimétrica de Primer Orden;;4326;red;RPO;nomenclatura,red,latitud,longitud,cota,gravedad_oficial,tipo_gravedad_oficial,gravedad_nueva,geom;;
ign;db_publicacion_geodesia;geodesia;geodesia_gravimetria;;gravimetria_rso;Red gravimétrica de Segundo Orden;;4326;red;RSO;nomenclatura,red,latitud,longitud,cota,gravedad_oficial,tipo_gravedad_oficial,gravedad_nueva,geom;;
ign;db_publicacion_geodesia;geodesia;geodesia_gravimetria;;gravimetria_rto;Red gravimétrica de Tercer Orden;;4326;red;RTO;nomenclatura,red,latitud,longitud,cota,gravedad_oficial,tipo_gravedad_oficial,gravedad_nueva,geom;;
ign;db_publicacion_geodesia;geodesia;geodesia_planimetria;;red_densificacion_posgar;Red geodésica Densificación POSGAR07;;4326;red;Red Densificación POSGAR;nomenclatura,red,latitud,longitud,altura_elip,estado,ultima_visita,geom;;
ign;db_publicacion_geodesia;geodesia;geodesia_planimetria;;red_pasma;Red geodésica PASMA;;4326;red;Red PASMA;nomenclatura,red,latitud,longitud,altura_elip,estado,ultima_visita,geom;;
ign;db_publicacion_geodesia;geodesia;geodesia_planimetria;;red_posgar;Red geodésica POSGAR07;;4326;red;Red POSGAR;nomenclatura,red,latitud,longitud,altura_elip,estado,ultima_visita,geom;;
ign;db_publicacion_geodesia;geodesia;geodesia_planimetria;;red_provincial;Red geodésica Provincial;;4326;red;Red Provincial;nomenclatura,red,latitud,longitud,altura_elip,estado,ultima_visita,geom;;
ign;db_publicacion_geodesia;geodesia;geodesia_altimetria;;nivelacion_alta_precision;Red de nivelación de Alta Precisión;;4326;red;Alta Precisión;nomenclatura,red,latitud,longitud,cota,marca,estado,ultima_visita,geom;;
ign;db_publicacion_geodesia;geodesia;geodesia_altimetria;;nivelacion_precision;Red de nivelación de Precisión;;4326;red;Precisión;nomenclatura,red,latitud,longitud,cota,marca,estado,ultima_visita,geom;;
ign;db_publicacion_geodesia;geodesia;geodesia_altimetria;;nivelacion_topografica;Red de nivelación Topográfica;;4326;red;Topográfica;nomenclatura,red,latitud,longitud,cota,marca,estado,ultima_visita,geom;;
ign;db_publicacion_geodesia;geodesia;geodesia_ramsac_web;;ramsac;Red de estaciones GPS/GNSS RAMSAC;;4326;;;;;
ign;db_publicacion_geodesia;geodesia;geodesia_ramsac_ntrip;;ramsac_ntrip;Red RAMSAC-NTRIP;;4326;;;;;
ign;db_publicacion_geodesia;geodesia;geodesia_mde;;mde;Modelo Digital de Elevaciones;;4326;;;;Cobertura de los modelos digitales de elevación (MDE);
ign;db_publicacion_public;public;v_asentamientos_humanos_ign;;puntos_de_asentamientos_y_edificios_020108;Tapera;;4326;entidad;6;entidad, objeto,  geom, fdc, sag;;
ign;db_publicacion_public;public;v_asentamientos_humanos_ign;;puntos_de_asentamientos_y_edificios_AL022;Asentamiento humano;;4326;entidad;8;entidad, objeto,  geom, fna, gna, nam, ba1, ca1, ca2, tas, fdc, sag;;
ign;db_publicacion_public;public;v_asentamientos_humanos_ign;;puntos_de_asentamientos_y_edificios_020103;Otros asentamientos ;;4326;entidad;3;entidad, objeto,  geom, fna, gna, nam, ba1, tas, fdc, sag;;
ign;db_publicacion_public;public;areas_de_asentamientos_y_edificios;;areas_de_asentamientos_y_edificios_020103;Otros asentamientos ;;4326;entidad;1;entidad, objeto,  geom, fna, gna, nam, tas, fdc, sag;;
ign;db_publicacion_public;public;cultura_y_religion;;cultura_y_religion_AL021;Edificio de cultura;;4326;entidad;1;entidad, objeto,  geom, fna, gna, nam, fdc, sag;;
ign;db_publicacion_public;public;areas_de_gestion_de_residuos;;areas_de_gestion_de_residuos_AB000;Vertedero, basurero;;4326;entidad;0;entidad, objeto,  geom, fna, gna, nam, fdc, sag;;
ign;db_publicacion_public;public;puntos_de_gestion_de_residuos;;puntos_de_gestion_de_residuos_AB030;Planta de tratamiento de residuos;;4326;entidad;0;entidad, objeto,  geom, fna, gna, nam, fdc, sag;;
ign;db_publicacion_public;public;areas_de_gestion_de_residuos;;areas_de_gestion_de_residuos_AB030;Planta de tratamiento de residuos;;4326;entidad;2;entidad, objeto,  geom, fna, gna, nam, fdc, sag;;
ign;db_publicacion_public;public;puntos_de_asentamientos_y_edificios;;puntos_de_asentamientos_y_edificios_AL201;Sitio de interés;;4326;entidad;2;entidad, objeto,  geom, fna, gna, nam, fdc, sag;;
ign;db_publicacion_public;public;areas_de_asentamientos_y_edificios;;areas_de_asentamientos_y_edificios_AL201;Sitio de interés;;4326;entidad;0;entidad, objeto,  geom, fna, gna, nam, fdc, sag;;
ign;db_publicacion_public;public;v_asentamientos_humanos_ign;;puntos_de_asentamientos_y_edificios_020104;Lugar geográfico ;;4326;entidad;4;entidad, objeto,  geom, fna, gna, nam, fdc, sag;;
ign;db_publicacion_public;public;areas_de_asentamientos_y_edificios;;areas_de_asentamientos_y_edificios_020105;Planta urbana;;4326;entidad;2;entidad, objeto,  geom, fna, gna, nam, fdc, sag;;
ign;db_publicacion_public;public;areas_de_asentamientos_y_edificios;;areas_de_asentamientos_y_edificios_020106;Ejido urbano;;4326;entidad;3;entidad, objeto,  geom, fna, gna, nam, fdc, sag;;
ign;db_publicacion_public;public;areas_de_asentamientos_y_edificios;;areas_de_asentamientos_y_edificios_AL200;Ruinas;;4326;entidad;4;entidad, objeto,  geom, fna, gna, nam, fdc, sag;;
ign;db_publicacion_public;public;v_asentamientos_humanos_ign;;puntos_de_asentamientos_y_edificios_AL015;Edificación;;4326;entidad;7;entidad, objeto,  geom, fna, gna, nam, fdc, sag;;
ign;db_publicacion_public;public;puntos_de_equipamiento;;puntos_de_equipamiento_AL030;Cementerio;;4326;entidad;0;entidad, objeto,  geom, fna, gna, nam, fdc, sag;;
ign;db_publicacion_public;public;areas_de_equipamiento;;areas_de_equipamiento_AL030;Cementerio;;4326;entidad;0;entidad, objeto,  geom, fna, gna, nam, fdc, sag;;
ign;db_publicacion_public;public;puntos_de_equipamiento;;puntos_de_equipamiento_AH030;Refugio;;4326;entidad;1;entidad, objeto,  geom, fna, gna, nam, fdc, sag;;
ign;db_publicacion_public;public;puntos_de_equipamiento;;puntos_de_equipamiento_AL130;Monumento;;4326;entidad;2;entidad, objeto,  geom, fna, gna, nam, fdc, sag;;
ign;db_publicacion_public;public;areas_de_equipamiento;;areas_de_equipamiento_AL170;Espacios verdes;;4326;entidad;1;entidad, objeto,  geom, fna, gna, nam, fdc, sag;;
ign;db_publicacion_public;public;areas_de_recreacion;;areas_de_recreacion_AK164;Anfiteatro;;4326;entidad;0;entidad, objeto,  geom, fna, gna, nam, fdc, sag;;
ign;db_publicacion_public;public;puntos_de_recreacion;;puntos_de_recreacion_020401;Centro de esquí ;;4326;entidad;1;entidad, objeto,  geom, fna, gna, nam, fdc, sag;;
ign;db_publicacion_public;public;puntos_de_ciencia_y_educacion;;puntos_de_ciencia_y_educacion_020601;Establecimiento educativo;;4326;entidad;0;entidad, objeto,  geom, fna, gna, nam, fdc, sag;;
ign;db_publicacion_public;public;areas_de_ciencia_y_educacion;;areas_de_ciencia_y_educacion_020601;Establecimiento educativo;;4326;entidad;2;entidad, objeto,  geom, fna, gna, nam, fdc, sag;;
ign;db_publicacion_public;public;puntos_de_ciencia_y_educacion;;puntos_de_ciencia_y_educacion_020602;Universidad ;;4326;entidad;1;entidad, objeto,  geom, fna, gna, nam, fdc, sag;;
ign;db_publicacion_public;public;areas_de_ciencia_y_educacion;;areas_de_ciencia_y_educacion_020602;Universidad ;;4326;entidad;0;entidad, objeto,  geom, fna, gna, nam, fdc, sag;;
ign;db_publicacion_public;public;puntos_de_ciencia_y_educacion;;puntos_de_ciencia_y_educacion_AL295;Centro Científico;;4326;entidad;2;entidad, objeto,  geom, fna, gna, nam, fdc, sag;;
ign;db_publicacion_public;public;areas_de_ciencia_y_educacion;;areas_de_ciencia_y_educacion_AL295;Centro Científico;;4326;entidad;1;entidad, objeto,  geom, fna, gna, nam, fdc, sag;;
ign;db_publicacion_public;public;salud;;salud_020801;Edificio de salud;;4326;entidad;0;entidad, objeto,  geom, fna, gna, nam, fdc, sag;;
ign;db_publicacion_public;public;infraestructura_de_transporte;;infraestructura_de_transporte_AQ125;Estación de ómnibus;;4326;entidad;3;entidad, objeto,  geom, fna, gna, nam, fdc, sag;;
ign;db_publicacion_public;public;infraestructura_de_transporte;;infraestructura_de_transporte_030802;Parador;;4326;entidad;4;entidad, objeto,  geom, fna, gna, nam, fdc, sag;;
ign;db_publicacion_public;public;areas_de_almacenamiento_y_logistica;;areas_de_almacenamiento_y_logistica_AM510;Área de operaciones logísticas;;4326;entidad;1;entidad, objeto,  geom, fna, gna, nam, fun, fdc, sag;;
ign;db_publicacion_public;public;puntos_de_asentamientos_y_edificios;;puntos_de_asentamientos_y_edificios_020101;Edificio Gubernamental ;;4326;entidad;0;entidad, objeto,  geom, fna, gna, nam, gfc, fdc, sag;;
ign;db_publicacion_public;public;cultura_y_religion;;cultura_y_religion_AL330;Edificio religioso;;4326;entidad;0;entidad, objeto,  geom, fna, gna, nam, rfa, fdc, sag;;
ign;db_publicacion_public;public;v_asentamientos_humanos_ign;;puntos_de_asentamientos_y_edificios_020102;Edificio de comunicaciones;;4326;entidad;1;entidad, objeto,  geom, fna, gna, nam, tc1, fdc, sag;;
ign;db_publicacion_public;public;v_asentamientos_humanos_ign;;puntos_de_asentamientos_y_edificios_020107;Base antártica;;4326;entidad;10;entidad, objeto,  geom, fna, gna, nam, fdc, sag;;
ign;db_publicacion_public;public;puntos_de_recreacion;;puntos_de_recreacion_AK040;Instalación deportiva y de esparcimiento ;;4326;entidad;0;entidad, objeto,  geom, fna, gna, nam, fdc, sag;;
ign;db_publicacion_public;public;areas_de_recreacion;;areas_de_recreacion_AK040;Instalación deportiva y de esparcimiento ;;4326;entidad;1;entidad, objeto,  geom, fna, gna, nam, fdc, sag;;
ign;db_publicacion_public;public;puntos_de_almacenamiento_y_logistica;;puntos_de_almacenamiento_y_logistica_AM020;Silo;;4326;entidad;0;entidad, objeto,  geom, fun, fdc, sag;;
ign;db_publicacion_public;public;puntos_de_almacenamiento_y_logistica;;puntos_de_almacenamiento_y_logistica_AM080;Tanque de agua elevado;;4326;entidad;2;entidad, objeto,  geom, fun, fdc, sag;;
ign;db_publicacion_public;public;areas_de_extraccion;;areas_de_extraccion_AA012;Cantera;;4326;entidad;1;entidad, objeto, fna, geom, gna, nam, fun, ppo, sag, fdc;;
ign;db_publicacion_public;public;puntos_de_extraccion;;puntos_de_extraccion_AA010;Mina;;4326;entidad;0;entidad, objeto, fna, geom, gna, nam, fun, ppo, sag, fdc;;
ign;db_publicacion_public;public;areas_de_extraccion;;areas_de_extraccion_AA052;Yacimiento de hidrocarburo;;4326;entidad;2;entidad, objeto, fna, geom, gna, nam, fun, ppo, sag, fdc;;
ign;db_publicacion_public;public;puntos_de_energia;;puntos_de_energia_AD010;Central eléctrica;;4326;entidad;0;entidad, objeto, fna, gna, nam, fun ppc, sag, fdc, geom;;
ign;db_publicacion_public;public;areas_de_energia;;areas_de_energia_AD010;Central eléctrica;;4326;entidad;0;entidad, objeto, fna, gna, nam, fun ppc, sag, fdc, geom;;
ign;db_publicacion_public;public;puntos_de_energia;;puntos_de_energia_AD030;Planta transformadora;;4326;entidad;1;entidad, objeto, fna, gna, nam, fun, sag, fdc, geom;;
ign;db_publicacion_public;public;areas_de_energia;;areas_de_energia_AD030;Planta transformadora;;4326;entidad;1;entidad, objeto, fna, gna, nam, fun, sag, fdc, geom;;
ign;db_publicacion_public;public;lineas_de_energia;;lineas_de_energia_AT030;Línea de transmisión eléctrica;;4326;entidad;0;entidad, objeto, fna, gna, nam, fun, ten, sag, fdc, geom;;
ign;db_publicacion_public;public;puntos_de_comunicacion;;puntos_de_comunicacion_AT080;Torre de telecomunicaciones;;4326;entidad;0;entidad, objeto, fna, gna, nam, sag, fdc, geom;;
ign;db_publicacion_public;public;puntos_de_estructura_asociada;;puntos_de_estructura_asociada_AQ116;Planta de bombeo de agua;;4326;entidad;2;entidad, objeto, fna, gna, nam, sag, fdc, geom;;
ign;db_publicacion_public;public;areas_de_estructura_asociada;;areas_de_estructura_asociada_AQ116;Planta de bombeo de agua;;4326;entidad;0;entidad, objeto, sag, fdc, geom;;
ign;db_publicacion_public;public;areas_de_fabricacion_y_procesamiento;;areas_de_fabricacion_y_procesamiento_AC070;Área de fabricación y procesamiento;;4326;entidad;0;entidad, objeto, fna, gna, nam, sag, fun, geom, fdc;;
ign;db_publicacion_public;public;puntos_de_fabricacion_y_procesamiento;;puntos_de_fabricacion_y_procesamiento_BB241;Astillero;;4326;entidad;1;entidad, objeto, fna, gna, nam, sag, fun, geom, fdc;;
ign;db_publicacion_public;public;puntos_de_fabricacion_y_procesamiento;;puntos_de_fabricacion_y_procesamiento_AC507;Planta de tratamiento de efluentes cloacales;;4326;entidad;2;entidad, objeto, fna, gna, nam, sag, fun, geom, fdc;;
ign;db_publicacion_public;public;areas_de_fabricacion_y_procesamiento;;areas_de_fabricacion_y_procesamiento_AC507;Planta de tratamiento de efluentes cloacales;;4326;entidad;2;entidad, objeto, fna, gna, nam, sag, fun, geom, fdc;;
ign;db_publicacion_public;public;puntos_de_fabricacion_y_procesamiento;;puntos_de_fabricacion_y_procesamiento_BH220;Planta potabilizadora de agua;;4326;entidad;3;entidad, objeto, fna, gna, nam, sag, fun, geom, fdc;;
ign;db_publicacion_public;public;areas_de_fabricacion_y_procesamiento;;areas_de_fabricacion_y_procesamiento_BH220;Planta potabilizadora de agua;;4326;entidad;3;entidad, objeto, fna, gna, nam, sag, fun, geom, fdc;;
ign;db_publicacion_public;public;puntos_de_actividad_agropecuaria;;puntos_de_actividad_agropecuaria_AJ110;Invernadero, vivero, huerta;;4326;entidad;0;entidad, objeto, fna, gna, nam, sag, fun, geom, fdc;;
ign;db_publicacion_public;public;areas_de_actividad_agropecuaria;;areas_de_actividad_agropecuaria_AJ110;Invernadero, vivero, huerta;;4326;entidad;1;entidad, objeto, fna, gna, nam, sag, fun, geom, fdc;;
ign;db_publicacion_public;public;areas_de_actividad_agropecuaria;;areas_de_actividad_agropecuaria_AL270;Establecimiento agropecuario;;4326;entidad;2;entidad, objeto, fna, gna, nam, sag, fun, geom, fdc;;
ign;db_publicacion_public;public;puntos_de_fabricacion_y_procesamiento;;puntos_de_fabricacion_y_procesamiento_AC000;Fábrica;;4326;entidad;0;entidad, objeto, fna, gna, nam, sag, fun, geom, isic, fdc;;
ign;db_publicacion_public;public;puntos_de_extraccion;;puntos_de_extraccion_AA050;Pozo hidrocarburos;;4326;entidad;1;entidad, objeto, fna, gna, nam, sag, fun, ppo, geom, fdc;;
ign;db_publicacion_public;public;lineas_de_estructura_asociada;;lineas_de_estructura_asociada_AQ113;Ducto;;4326;entidad;0;entidad, objeto, fna, gna, nam, sag, fun, tdu, fdc, geom;;
ign;db_publicacion_public;public;areas_de_actividad_agropecuaria;;areas_de_actividad_agropecuaria_AJ070;Estancia;;4326;entidad;0;entidad, objeto, fna, gna, nam, sag, geom, fdc;;
ign;db_publicacion_public;public;puntos_de_comunicacion;;puntos_de_comunicacion_AT010;Antena;;4326;entidad;1;entidad, objeto, fna, gna, nam, sag, fdc, geom;;
ign;db_publicacion_public;public;lineas_de_zona_costera;;lineas_de_zona_costera_BA040;Accidente costero;;4326;entidad;2;entidad, objeto, fna, gna, nam, ta1, fdc, geom, sag;;
ign;db_publicacion_public;public;puntos_de_geomorfologia;;puntos_de_geomorfologia_CA030;Punto acotado ;;4326;entidad;5;entidad, objeto, geom, alt, pdt, mo1, fdc, sag;;
ign;db_publicacion_public;public;vial;;vial_AP010;Huella;;4326;entidad;2;entidad, objeto, geom, caa, fdc, sag;;
ign;db_publicacion_public;public;vial;;vial_AP050;Senda rural;;4326;entidad;3;entidad, objeto, geom, caa, fdc, sag;;
ign;db_publicacion_public;public;vial;;vial_EC040;Picada;;4326;entidad;5;entidad, objeto, geom, caa, fdc, sag;;
ign;db_publicacion_public;public;cultivo;;terreno_para_cultivo_EA010;Terreno para cultivo ;;4326;entidad;0;entidad, objeto, geom, fdc, sag;;
ign;db_publicacion_public;public;cultivo;;plantacion_permanente_KB025;Plantación permanente;;4326;entidad;1;entidad, objeto, geom, fdc, sag;;
ign;db_publicacion_public;public;vegetacion_herbacea;;vegetacion_herbacea_EB010;Pastizal;;4326;entidad;0;entidad, objeto, geom, fdc, sag;;
ign;db_publicacion_public;public;vegetacion_arborea;;vegetacion_arborea_EC015;Bosque, selva;;4326;entidad;0;entidad, objeto, geom, fdc, sag;;
ign;db_publicacion_public;public;vegetacion_hidrofila;;vegetacion_hidrofila_ED020;Pajonal, juncal, totoral;;4326;entidad;0;entidad, objeto, geom, fdc, sag;;
ign;db_publicacion_public;public;vegetacion_arbustiva;;vegetacion_arbustiva_EB020;Matorral;;4326;entidad;0;entidad, objeto, geom, fdc, sag;;
ign;db_publicacion_public;public;vegetacion_arbustiva;;vegetacion_arbustiva_EB015;Estepa arbustiva;;4326;entidad;1;entidad, objeto, geom, fdc, sag;;
ign;db_publicacion_public;public;sin_vegetacion;;sin_vegetacion_EC060;Claro de bosque;;4326;entidad;0;entidad, objeto, geom, fdc, sag;;
ign;db_publicacion_public;public;sin_vegetacion;;sin_vegetacion_061001;Desmonte;;4326;entidad;1;entidad, objeto, geom, fdc, sag;;
ign;db_publicacion_public;public;sin_vegetacion;;sin_vegetacion_EC100;Área de incendio;;4326;entidad;2;entidad, objeto, geom, fdc, sag;;
ign;db_publicacion_public;public;linea_de_limite;;linea_de_limite_070101;Límite del lecho y subsuelo;;4326;entidad;1;entidad, objeto, geom, fdc, sag;;
ign;db_publicacion_public;public;linea_de_limite;;linea_de_limite_070102;Límite lateral marítimo;;4326;entidad;2;entidad, objeto, geom, fdc, sag;;
ign;db_publicacion_public;public;linea_de_limite;;linea_de_limite_BA011;Línea de base;;4326;entidad;3;entidad, objeto, geom, fdc, sag;;
ign;db_publicacion_public;public;linea_de_limite;;linea_de_limite_070103;Límite del Mar Territorioal Argentino;;4326;entidad;4;entidad, objeto, geom, fdc, sag;;
ign;db_publicacion_public;public;mar_territorial_argentino;;mar_territorial_argentino;Mar Territorial Argentino área;;4326;entidad;0;entidad, objeto, geom, fdc, sag;;
ign;db_publicacion_public;public;linea_de_limite;;linea_de_limite_070105;Límite de la Zona Contigua Argentina;;4326;entidad;5;entidad, objeto, geom, fdc, sag;;
ign;db_publicacion_public;public;zona_contigua_argentina;;zona_contigua_argentina;Zona contigua Argentina;;4326;entidad;0;entidad, objeto, geom, fdc, sag;;
ign;db_publicacion_public;public;linea_de_limite;;linea_de_limite_070107;Límite de la Zona Económica Exclusiva;;4326;entidad;6;entidad, objeto, geom, fdc, sag;;
ign;db_publicacion_public;public;zona_economica_exclusiva_argentina;;zona_economica_exclusiva_argentina;Zona Económica Exclusia Argentina;;4326;entidad;0;entidad, objeto, geom, fdc, sag;;
ign;db_publicacion_public;public;linea_de_limite;;linea_de_limite_070109;Límite de la Plataforma Continental ;;4326;entidad;7;entidad, objeto, geom, fdc, sag;;
ign;db_publicacion_public;public;plataforma_continental;;plataforma_continental;Plataforma continental ;;4326;entidad;0;entidad, objeto, geom, fdc, sag;;
ign;db_publicacion_public;public;linea_de_limite;;linea_de_limite_FA004;Límite internacional;;4326;entidad;11;entidad, objeto, geom, fdc, sag;;
ign;db_publicacion_public;public;linea_de_limite;;linea_de_limite_070112;Límite de Zona de Frontera ;;4326;entidad;12;entidad, objeto, geom, fdc, sag;;
ign;db_publicacion_public;public;linea_de_limite;;linea_de_limite_070114;Límite de área protegida ;;4326;entidad;15;entidad, objeto, geom, fdc, sag;;
ign;db_publicacion_public;public;lineas_terrestres;;lineas_terrestres_070403;Ecuador ;;4326;entidad;2;entidad, objeto, geom, fdc, sag;;
ign;db_publicacion_public;public;otras_demarcaciones;;otras_demarcaciones_AL070;Pirca;;4326;entidad;0;entidad, objeto, geom, fdc, sag;;
ign;db_publicacion_public;public;otras_demarcaciones;;otras_demarcaciones_070501;Alambrado ;;4326;entidad;1;entidad, objeto, geom, fdc, sag;;
ign;db_publicacion_public;public;lineas_de_zona_costera;;lineas_de_zona_costera_BA010;Límite agua-tierra;;4326;entidad;1;entidad, objeto, geom, fdc, sag ;;
ign;db_publicacion_public;public;ayuda_a_la_navegacion;;ayuda_a_la_navegacion_BC020;Boya;;4326;entidad;4;entidad, objeto, geom, fdc, sag ;;
ign;db_publicacion_public;public;puntos_de_cruces_y_enlaces;;puntos_de_cruces_y_enlaces_AQ065;Alcantarilla;;4326;entidad;1;entidad, objeto, geom, feo, fdc, sag ;;
ign;db_publicacion_public;public;lineas_de_cruces_y_enlaces;;lineas_de_cruces_y_enlaces_AQ065;Alcantarilla;;4326;entidad;1;entidad, objeto, geom, feo, fdc, sag ;;
ign;db_publicacion_public;public;puntos_de_cruces_y_enlaces;;puntos_de_cruces_y_enlaces_BH070;Vado;;4326;entidad;3;entidad, objeto, geom, feo, fdc, sag ;;
ign;db_publicacion_public;public;puntos_de_cruces_y_enlaces;;puntos_de_cruces_y_enlaces_030701;Badén;;4326;entidad;4;entidad, objeto, geom, feo, fdc, sag ;;
ign;db_publicacion_public;public;lineas_de_cruces_y_enlaces;;lineas_de_cruces_y_enlaces_030701;Badén;;4326;entidad;4;entidad, objeto, geom, feo, fdc, sag ;;
ign;db_publicacion_public;public;puntos_de_cruces_y_enlaces;;puntos_de_cruces_y_enlaces_AQ152;Pasarela;;4326;entidad;5;entidad, objeto, geom, feo, fdc, sag ;;
ign;db_publicacion_public;public;lineas_de_cruces_y_enlaces;;lineas_de_cruces_y_enlaces_AQ152;Pasarela;;4326;entidad;5;entidad, objeto, geom, feo, fdc, sag ;;
ign;db_publicacion_public;public;puntos_de_cruces_y_enlaces;;puntos_de_cruces_y_enlaces_030702;Guardaganado;;4326;entidad;7;entidad, objeto, geom, feo, fdc, sag ;;
ign;db_publicacion_public;public;infraestructura_de_transporte;;infraestructura_de_transporte_030803;Indicador de kilómetros;;4326;entidad;5;entidad, objeto, geom, fna, feo, fdc, sag;;
ign;db_publicacion_public;public;puntos_de_geomorfologia;;puntos_de_geomorfologia_NA100;Cerro ;;4326;entidad;2;entidad, objeto, geom, fna, gna, nam, alt, fdc, sag;;
ign;db_publicacion_public;public;puntos_de_geomorfologia;;puntos_de_geomorfologia_050201;Hoya;;4326;entidad;3;entidad, objeto, geom, fna, gna, nam, alt, fdc, sag;;
ign;db_publicacion_public;public;areas_de_geomorfologia;;areas_de_geomorfologia_050202;Meseta;;4326;entidad;1;entidad, objeto, geom, fna, gna, nam, alt, fdc, sag;;
ign;db_publicacion_public;public;puntos_de_geomorfologia;;puntos_de_geomorfologia_050203;Mogote;;4326;entidad;4;entidad, objeto, geom, fna, gna, nam, alt, fdc, sag;;
ign;db_publicacion_public;public;lineas_de_geomorfologia;;lineas_de_geomorfologia_050204;Sierra;;4326;entidad;0;entidad, objeto, geom, fna, gna, nam, alt, fdc, sag;;
ign;db_publicacion_public;public;lineas_de_geomorfologia;;lineas_de_geomorfologia_DB200;Quebrada, cañadón, garganta;;4326;entidad;2;entidad, objeto, geom, fna, gna, nam, alt, fdc, sag;;
ign;db_publicacion_public;public;lineas_de_geomorfologia;;lineas_de_geomorfologia_050205;Cordillera;;4326;entidad;3;entidad, objeto, geom, fna, gna, nam, alt, fdc, sag;;
ign;db_publicacion_public;public;lineas_de_geomorfologia;;lineas_de_geomorfologia_050206;Cordón;;4326;entidad;4;entidad, objeto, geom, fna, gna, nam, alt, fdc, sag;;
ign;db_publicacion_public;public;lineas_de_geomorfologia;;lineas_de_geomorfologia_050208;Cuesta;;4326;entidad;6;entidad, objeto, geom, fna, gna, nam, alt, fdc, sag;;
ign;db_publicacion_public;public;lineas_de_geomorfologia;;lineas_de_geomorfologia_CA020;Filo;;4326;entidad;7;entidad, objeto, geom, fna, gna, nam, alt, fdc, sag;;
ign;db_publicacion_public;public;puntos_de_glaciologia;;puntos_de_glaciologia_BJ060;Nunatak;;4326;entidad;2;entidad, objeto, geom, fna, gna, nam, alt, fdc, sag;;
ign;db_publicacion_public;public;areas_de_glaciologia;;areas_de_glaciologia_BJ060;Nunatak;;4326;entidad;5;entidad, objeto, geom, fna, gna, nam, alt, fdc, sag;;
ign;db_publicacion_public;public;lineas_de_geomorfologia;;lineas_de_geomorfologia_050207;Cuchilla;;4326;entidad;5;entidad, objeto, geom, fna, gna, nam, alt, fdc, sag ;;
ign;db_publicacion_public;public;controles;;controles_AH070;Puesto de Control ;;4326;entidad;0;entidad, objeto, geom, fna, gna, nam, bcp, fdc, sag;;
ign;db_publicacion_public;public;lineas_de_geomorfologia;;lineas_de_geomorfologia_DB501;Barranca;;4326;entidad;1;entidad, objeto, geom, fna, gna, nam, fdc, sag;;
ign;db_publicacion_public;public;puntos_de_obstrucciones;;puntos_de_obstrucciones_BD180;Naufragio;;4326;entidad;1;entidad, objeto, geom, fna, gna, nam, fdc, sag;;
ign;db_publicacion_public;public;puntos_de_geomorfologia;;puntos_de_geomorfologia_DB120;Abra, paso, portillo, portezuelo;;4326;entidad;0;entidad, objeto, geom, fna, gna, nam, fdc, sag;;
ign;db_publicacion_public;public;puntos_de_geomorfologia;;puntos_de_geomorfologia_DB029;Caverna, gruta, cueva;;4326;entidad;1;entidad, objeto, geom, fna, gna, nam, fdc, sag;;
ign;db_publicacion_public;public;areas_de_geomorfologia;;areas_de_geomorfologia_DB560;Médano, duna ;;4326;entidad;0;entidad, objeto, geom, fna, gna, nam, fdc, sag;;
ign;db_publicacion_public;public;lineas_de_geomorfologia;;lineas_de_geomorfologia_CA025;Valle;;4326;entidad;8;entidad, objeto, geom, fna, gna, nam, fdc, sag;;
ign;db_publicacion_public;public;vegetacion_arborea;;vegetacion_arborea_060301;Bosque artificial;;4326;entidad;1;entidad, objeto, geom, fna, gna, nam, fdc, sag;;
ign;db_publicacion_public;public;vegetacion_arborea;;vegetacion_arborea_060302;Monte;;4326;entidad;2;entidad, objeto, geom, fna, gna, nam, fdc, sag;;
ign;db_publicacion_public;public;vegetacion_arborea;;vegetacion_arborea_AK120;Parque artificial;;4326;entidad;3;entidad, objeto, geom, fna, gna, nam, fdc, sag;;
ign;db_publicacion_public;public;linea_de_limite;;linea_de_limite_BA000;Línea de costa;;4326;entidad;0;entidad, objeto, geom, fna, gna, nam, fdc, sag;;
ign;db_publicacion_public;public;pais;;pais;País;;4326;;;entidad, objeto, geom, fna, gna, nam, fdc, sag;;
ign;db_publicacion_public;public;areas_de_zona_costera;;areas_de_zona_costera_040101;Banco de arena;;4326;entidad;4;entidad, objeto, geom, fna, gna, nam, fdc, sag ;;
ign;db_publicacion_public;public;lineas_de_puertos_y_muelles;;lineas_de_puertos_y_muelles_BB190;Muelle ;;4326;entidad;0;entidad, objeto, geom, fna, gna, nam, fdc, sag ;;
ign;db_publicacion_public;public;mareas_y_corrientes;;mareas_y_corrientes_BG020;Mareógrafo;;4326;entidad;0;entidad, objeto, geom, fna, gna, nam, fdc, sag ;;
ign;db_publicacion_public;public;ayuda_a_la_navegacion;;ayuda_a_la_navegacion_BC101;Baliza;;4326;entidad;2;entidad, objeto, geom, fna, gna, nam, fdc, sag ;;
ign;db_publicacion_public;public;puntos_de_obstrucciones;;puntos_de_obstrucciones_BD130;Roca;;4326;entidad;2;entidad, objeto, geom, fna, gna, nam, fdc, sag ;;
ign;db_publicacion_public;public;areas_de_obstrucciones;;areas_de_obstrucciones_BD130;Roca;;4326;entidad;0;entidad, objeto, geom, fna, gna, nam, fdc, sag ;;
ign;db_publicacion_public;public;lineas_de_aguas_continentales;;lineas_de_aguas_continentales_BH030;Acequia, zanja, zanjón;;4326;entidad;9;entidad, objeto, geom, fna, gna, nam, fdc, sag ;;
ign;db_publicacion_public;public;puntos_de_aguas_continentales;;puntos_de_aguas_continentales_BH180;Catarata, cascada, salto;;4326;entidad;2;entidad, objeto, geom, fna, gna, nam, fdc, sag ;;
ign;db_publicacion_public;public;puntos_de_aguas_continentales;;puntos_de_aguas_continentales_041101;Embalse rural;;4326;entidad;4;entidad, objeto, geom, fna, gna, nam, fdc, sag ;;
ign;db_publicacion_public;public;areas_de_aguas_continentales;;areas_de_aguas_continentales_041101;Embalse rural;;4326;entidad;4;entidad, objeto, geom, fna, gna, nam, fdc, sag ;;
ign;db_publicacion_public;public;mareas_y_corrientes;;mareas_y_corrientes_BI070;Estación de aforo;;4326;entidad;1;entidad, objeto, geom, fna, gna, nam, fdc, sag;;
ign;db_publicacion_public;public;puntos_de_glaciologia;;puntos_de_glaciologia_BJ030;Glaciar;;4326;entidad;0;entidad, objeto, geom, fna, gna, nam, fdd, fdc, sag;;
ign;db_publicacion_public;public;areas_de_glaciologia;;areas_de_glaciologia_BJ030;Glaciar;;4326;entidad;0;entidad, objeto, geom, fna, gna, nam, fdd, fdc, sag;;
ign;db_publicacion_public;public;areas_de_glaciologia;;areas_de_glaciologia_050701;Ventisquero;;4326;entidad;1;entidad, objeto, geom, fna, gna, nam, fdd, fdc, sag;;
ign;db_publicacion_public;public;areas_de_glaciologia;;areas_de_glaciologia_050702;Penitente;;4326;entidad;2;entidad, objeto, geom, fna, gna, nam, fdd, fdc, sag;;
ign;db_publicacion_public;public;areas_de_glaciologia;;areas_de_glaciologia_BJ020;Morena, morrena;;4326;entidad;3;entidad, objeto, geom, fna, gna, nam, fdd, fdc, sag;;
ign;db_publicacion_public;public;lineas_de_geomorfologia;;lineas_de_geomorfologia_BJ020;Morena, morrena;;4326;entidad;0;entidad, objeto, geom, fna, gna, nam, fdc, sag;;
ign;db_publicacion_public;public;lineas_de_glaciologia;;lineas_de_glaciologia_050704;Borde de hielo ;;4326;entidad;1;entidad, objeto, geom, fna, gna, nam, fdd, fdc, sag;;
ign;db_publicacion_public;public;lineas_de_glaciologia;;lineas_de_glaciologia_050705;Barrera de hielo;;4326;entidad;2;entidad, objeto, geom, fna, gna, nam, fdd, fdc, sag;;
ign;db_publicacion_public;public;areas_de_glaciologia;;areas_de_glaciologia_050705;Barrera de hielo;;4326;entidad;4;entidad, objeto, geom, fna, gna, nam, fdd, fdc, sag;;
ign;db_publicacion_public;public;infraestructura_de_transporte;;infraestructura_de_transporte_030801;Estación de peaje;;4326;entidad;1;entidad, objeto, geom, fna, gna, nam, feo, fdc, sag ;;
ign;db_publicacion_public;public;infraestructura_de_transporte;;infraestructura_de_transporte_AQ180;Estación de pesaje;;4326;entidad;2;entidad, objeto, geom, fna, gna, nam, feo, fdc, sag ;;
ign;db_publicacion_public;public;puntos_de_puertos_y_muelles;;puntos_de_puertos_y_muelles_BB005;Puerto;;4326;entidad;0;entidad, objeto, geom, fna, gna, nam, fuc, fdc, sag ;;
ign;db_publicacion_public;public;areas_de_puertos_y_muelles;;areas_de_puertos_y_muelles_BB005;Puerto;;4326;entidad;0;entidad, objeto, geom, fna, gna, nam, fuc, fdc, sag ;;
ign;db_publicacion_public;public;puntos_de_transporte_aereo;;puntos_de_transporte_aereo_GB001;Aeródromo;;4326;entidad;1;entidad, objeto, geom, fna, gna, nam, fun, atv, fdc, sag ;;
ign;db_publicacion_public;public;areas_de_transporte_aereo;;areas_de_transporte_aereo_GB001;Aeródromo;;4326;entidad;1;entidad, objeto, geom, fna, gna, nam, fun, atv, fdc, sag ;;
ign;db_publicacion_public;public;areas_de_transporte_ferroviario;;areas_de_transporte_ferroviario_AN075;Plaza o playa ferroviaria;;4326;entidad;1;entidad, objeto, geom, fna, gna, nam, fun, fdc, sag;;
ign;db_publicacion_public;public;puntos_de_transporte_fluvial_lacustre_y_maritimo;;puntos_de_transporte_fluvial_lacustre_y_maritimo_AQ080;Atracadero para balsa;;4326;entidad;0;entidad, objeto, geom, fna, gna, nam, fun, fdc, sag ;;
ign;db_publicacion_public;public;puntos_de_transporte_aereo;;puntos_de_transporte_aereo_GB005;Aeropuerto;;4326;entidad;0;entidad, objeto, geom, fna, gna, nam, fun, fdc, sag ;;
ign;db_publicacion_public;public;areas_de_transporte_aereo;;areas_de_transporte_aereo_GB005;Aeropuerto;;4326;entidad;0;entidad, objeto, geom, fna, gna, nam, fun, fdc, sag ;;
ign;db_publicacion_public;public;puntos_de_transporte_aereo;;puntos_de_transporte_aereo_GB035;Helipuerto;;4326;entidad;2;entidad, objeto, geom, fna, gna, nam, fun, fdc, sag ;;
ign;db_publicacion_public;public;areas_de_transporte_aereo;;areas_de_transporte_aereo_GB035;Helipueto;;4326;entidad;2;entidad, objeto, geom, fna, gna, nam, fun, fdc, sag ;;
ign;db_publicacion_public;public;infraestructura_de_transporte;;infraestructura_de_transporte_AQ170;Estación de servicio;;4326;entidad;0;entidad, objeto, geom, fna, gna, nam, fun, fdc, sag ;;
ign;db_publicacion_public;public;infraestructura_de_transporte;;infraestructura_de_transporte_AQ062;Paso a nivel;;4326;entidad;6;entidad, objeto, geom, fna, gna, nam, fun, fdc, sag ;;
ign;db_publicacion_public;public;ayuda_a_la_navegacion;;ayuda_a_la_navegacion_BC050;Faro;;4326;entidad;1;entidad, objeto, geom, fna, gna, nam, fun, fdc, sag ;;
ign;db_publicacion_public;public;lineas_de_aguas_continentales;;lineas_de_aguas_continentales_BH020;Canal;;4326;entidad;1;entidad, objeto, geom, fna, gna, nam, fun, fdc, sag ;;
ign;db_publicacion_public;public;areas_de_aguas_continentales;;areas_de_aguas_continentales_BH020;Canal;;4326;entidad;0;entidad, objeto, geom, fna, gna, nam, fun, fdc, sag ;;
ign;db_publicacion_public;public;puntos_de_aguas_continentales;;puntos_de_aguas_continentales_BH051;Dique;;4326;entidad;3;entidad, objeto, geom, fna, gna, nam, fun, fdc, sag ;;
ign;db_publicacion_public;public;lineas_de_aguas_continentales;;lineas_de_aguas_continentales_BH051;Dique;;4326;entidad;4;entidad, objeto, geom, fna, gna, nam, fun, fdc, sag ;;
ign;db_publicacion_public;public;puntos_de_aguas_continentales;;puntos_de_aguas_continentales_BI020;Muro de embalse;;4326;entidad;7;entidad, objeto, geom, fna, gna, nam, fun, fdc, sag ;;
ign;db_publicacion_public;public;lineas_de_aguas_continentales;;lineas_de_aguas_continentales_BI020;Muro de embalse;;4326;entidad;7;entidad, objeto, geom, fna, gna, nam, fun, fdc, sag ;;
ign;db_publicacion_public;public;puntos_de_cruces_y_enlaces;;puntos_de_cruces_y_enlaces_AQ130;Tunel;;4326;entidad;2;entidad, objeto, geom, fna, gna, nam, fun, feo, fdc, sag ;;
ign;db_publicacion_public;public;lineas_de_cruces_y_enlaces;;lineas_de_cruces_y_enlaces_AQ130;Tunel;;4326;entidad;2;entidad, objeto, geom, fna, gna, nam, fun, feo, fdc, sag ;;
ign;db_publicacion_public;public;lineas_de_aguas_continentales;;lineas_de_aguas_continentales_BH010;Acueducto;;4326;entidad;0;entidad, objeto, geom, fna, gna, nam, fun, loc, fdc, sag ;;
ign;db_publicacion_public;public;puntos_de_transporte_ferroviario;;puntos_de_transporte_ferroviario_AN070;Estación de ferrocarril;;4326;entidad;0;entidad, objeto, geom, fna, gna, nam, fun, feo, fdc, sag ;;
ign;db_publicacion_public;public;puntos_de_cruces_y_enlaces;;puntos_de_cruces_y_enlaces_AQ040;Puente;;4326;entidad;0;entidad, objeto, geom, fna, gna, nam, fun, tup, mcc, bsc, feo, fdc, sag ;;
ign;db_publicacion_public;public;lineas_de_cruces_y_enlaces;;lineas_de_cruces_y_enlaces_AQ040;Puente;;4326;entidad;0;entidad, objeto, geom, fna, gna, nam, fun, tup, mcc, bsc, feo, fdc, sag ;;
ign;db_publicacion_public;public;areas_de_aguas_continentales;;areas_de_aguas_continentales_BH080;Espejo de agua;;4326;entidad;3;entidad, objeto, geom, fna, gna, nam, hyp , fdc, sag ;;
ign;db_publicacion_public;public;lineas_de_aguas_continentales;;lineas_de_aguas_continentales_BH140;Corriente de agua;;4326;entidad;2;entidad, objeto, geom, fna, gna, nam, hyp, fdc, sag ;;
ign;db_publicacion_public;public;areas_de_aguas_continentales;;areas_de_aguas_continentales_BH140;Corriente de agua;;4326;entidad;1;entidad, objeto, geom, fna, gna, nam, hyp, fdc, sag ;;
ign;db_publicacion_public;public;areas_de_aguas_continentales;;areas_de_aguas_continentales_BH130;Embalse;;4326;entidad;2;entidad, objeto, geom, fna, gna, nam, hyp, fdc, sag ;;
ign;db_publicacion_public;public;municipio;;municipio;Municipio;;4326;entidad;0;entidad, objeto, geom, fna, gna, nam, in1, fdc, sag;;
ign;db_publicacion_public;public;departamento;;departamento;Departamento;;4326;;;entidad, objeto, geom, fna, gna, nam, in1, fdc, sag;;
ign;db_publicacion_public;public;provincia;;provincia;Provincia;;4326;;;entidad, objeto, geom, fna, gna, nam, in1, fdc, sag;;
ign;db_publicacion_public;public;lineas_de_transporte_ferroviario;;lineas_de_transporte_ferroviario_AN010;Ferrocarril ;;4326;entidad;0;entidad, objeto, geom, fna, gna, nam, fun, rgc, ltn, loc, fdc, sag ;;
ign;db_publicacion_public;public;areas_de_zona_costera;;areas_de_zona_costera_BA050;Playa;;4326;entidad;1;entidad, objeto, geom, fna, gna, nam, smc, fdc, sag ;;
ign;db_publicacion_public;public;puntos_de_aguas_continentales;;puntos_de_aguas_continentales_BH170;Fuente natural;;4326;entidad;5;entidad, objeto, geom, fna, gna, nam, swt, fdc, sag ;;
ign;db_publicacion_public;public;area_protegida;;area_protegida;Área protegida;;4326;entidad;0;entidad, objeto, geom, fna, gna, nam, tap, jap, caa, fdc, sag;;
ign;db_publicacion_public;public;estructuras_operativas_y_defensivas;;estructuras_operativas_y_defensivas_FA517;Edificio de seguridad;;4326;entidad;1;entidad, objeto, geom, fna, gna, nam, tes, fdc, sag;;
ign;db_publicacion_public;public;estructuras_operativas_y_defensivas;;estructuras_operativas_y_defensivas_090101;Institución penitenciaria;;4326;entidad;3;entidad, objeto, geom, fna, gna, nam, tes, fdc, sag;;
ign;db_publicacion_public;public;areas_restringidas_y_limites;;areas_restringidas_y_limites_090101;Institución penitenciaria;;4326;entidad;1;entidad, objeto, geom, fna, gna, nam, fdc, sag;;
ign;db_publicacion_public;public;estructuras_operativas_y_defensivas;;estructuras_operativas_y_defensivas_090102;Cuartel de bomberos;;4326;entidad;0;entidad, objeto, geom, fna, gna, nam, tes, fdc, sag;;
ign;db_publicacion_public;public;instalacion_militar;;instalacion_militar_SU001;Instalación militar;;4326;entidad;1;entidad, objeto, geom, fna, gna, nam, fdc, sag;;
ign;db_publicacion_public;public;puntos_de_aguas_continentales;;puntos_de_aguas_continentales_BH090;Humedal;;4326;entidad;6;entidad, objeto, geom, fna, gna, nam, thh, fdc, sag;;
ign;db_publicacion_public;public;areas_de_aguas_continentales;;areas_de_aguas_continentales_BH090;Humedal;;4326;entidad;5;entidad, objeto, geom, fna, gna, nam, thh, fdc, sag;;
ign;db_publicacion_public;public;areas_de_zona_costera;;areas_de_zona_costera_BA030;Isla;;4326;entidad;3;entidad, objeto, geom, fna, gna, nam, tis, fdc, sag ;;
ign;db_publicacion_public;public;lineas_de_geomorfologia;;lineas_de_geomorfologia_DB001;Lugar geomorfológico;;4326;entidad;9;entidad, objeto, geom, fna, gna, nam, tlg, fdc, sag;;
ign;db_publicacion_public;public;puntos_de_puertos_y_muelles;;puntos_de_puertos_y_muelles_BB041;Rompeolas;;4326;entidad;1;entidad, objeto, geom, fna, gna, nam, tro, fdc, sag ;;
ign;db_publicacion_public;public;lineas_de_puertos_y_muelles;;lineas_de_puertos_y_muelles_BB041;Rompeolas;;4326;entidad;1;entidad, objeto, geom, fna, gna, nam, tro, fdc, sag ;;
ign;db_publicacion_public;public;vial;;vial_TYP33;Calle;;4326;entidad;1;entidad, objeto, geom, fna1, gna1, nam1, fna2, gna2, nam2, fun, rst, loc, fdc, sag, nr ;;
ign;db_publicacion_public;public;vial;;vial_AP030;Red vial;;4326;entidad;0;entidad, objeto, geom, fna1, gna1, nam1, fna2, gna2, nam2, fun, rst, typ, mes, hct, loc, fdc, nr, sag ;;
ign;db_publicacion_public;public;puntos_de_almacenamiento_y_logistica;;puntos_de_almacenamiento_y_logistica_AM070;Tanque de combustible;;4326;entidad;1;entidad, objeto, geom, fun, fdc, sag;;
ign;db_publicacion_public;public;areas_de_almacenamiento_y_logistica;;areas_de_almacenamiento_y_logistica_AM070;Tanque de combustible;;4326;entidad;0;entidad, objeto, geom, fun, fdc, sag;;
ign;db_publicacion_public;public;lineas_de_transporte_aereo;;lineas_de_transporte_aereo_GB055;Pista;;4326;entidad;0;entidad, objeto, geom, fun, rst, fdc, sag ;;
ign;db_publicacion_public;public;lineas_de_geomorfologia;;lineas_de_geomorfologia_CA010;Curva de nivel;;4326;entidad;10;entidad, objeto, geom, hqc, crv, mo2, fdc, sag;;
ign;db_publicacion_public;public;lineas_terrestres;;lineas_terrestres_070401;Círculo polar;;4326;entidad;0;entidad, objeto, geom, tcp, fdc, sag;;
ign;db_publicacion_public;public;lineas_terrestres;;lineas_terrestres_070402;Trópico;;4326;entidad;1;entidad, objeto, geom, ttr, fdc, sag;;
ign;db_publicacion_public;public;zona_de_frontera;;zona_de_frontera;Zona de Frontera área;;4326;entidad;0;entidad, objeto, geom, tz1, tzz, fdc, sag;;
ign;db_publicacion_public;public;linea_de_limite;;linea_de_limite_070111;Límite interprovincial ;;4326;entidad;10;entidad, objeto, geom, vlj, fdc, sag;;
ign;db_publicacion_public;public;linea_de_limite;;linea_de_limite_FA050;Límite de gobierno local;;4326;entidad;8;entidad, objeto, geom, vlp, fdc, sag;;
ign;db_publicacion_public;public;linea_de_limite;;linea_de_limite_070110;Límite interdepartamental o de partido ;;4326;entidad;9;entidad, objeto, geom, vlp, fdc, sag;;
ign;db_publicacion_public;public;puntos_de_estructura_asociada;;puntos_de_estructura_asociada_AA051;Cámara de válvulas;;4326;entidad;1;entidad, objeto, sag, fdc, geom;;
ign;db_publicacion_public;public;puntos_de_actividad_agropecuaria;;puntos_de_actividad_agropecuaria_AM070;Tanque australiano;;4326;entidad;1;entidad, objeto, sag, fun, fdc, geom;;
ign;db_publicacion_public;public;puntos_de_actividad_agropecuaria;;puntos_de_actividad_agropecuaria_AJ050;Molino viento;;4326;entidad;2;entidad, objeto, sag, fun, fdc, geom;;
ign;db_publicacion_public;public;puntos_de_estructura_asociada;;puntos_de_estructura_asociada_AF010;Chimenea;;4326;entidad;0;entidad, objeto, sag, fun, fdc, geom;;
ign;db_publicacion_public;public;puntos_de_estructura_asociada;;puntos_de_estructura_asociada_AJ080;Galpón, tinglado;;4326;entidad;3;entidad, objeto, sag, fun, fdc, geom;;
ign;db_publicacion_public;public;areas_de_estructura_asociada;;areas_de_estructura_asociada_AJ080;Galpón, tinglado;;4326;entidad;1;entidad, objeto, sag, fun, fdc, geom;;
ign;db_publicacion_public;public;areas_de_estructura_asociada;;areas_de_estructura_asociada_010601;Zona de extracción minera;;4326;entidad;2;entidad, objeto, sag, fun, fdc, geom;;
ign;db_publicacion_public;public;puntos_de_extraccion;;puntos_de_extraccion_BH230;Pozo agua;;4326;entidad;2;entidad, objeto, sag, fun, geom, fdc;;
ign;db_publicacion_public;public;v_asentamientos_humanos_ign;;puntos_de_asentamientos_y_edificios_localidad;Localidad;;4326;entidad;9;entidad, objeto,  geom, fna, gna, nam, fdc, sag;;
industria-servicios;db_publicacion_catalogo;catalogo;sig_puntos_de_comunicacion;;puntos_de_comunicacion_AT010;Antena;;4326;entidad;1;leyenda, nombre_geografico, termino_generico, termino_especifico, autoridad_de_fuente, geom;Dispositivo diseñado con el objetivo de emitir o recibir ondas electromagnéticas. Está ubicado sobre el suelo.;antena_visor
industria-servicios;db_publicacion_catalogo;catalogo;sig_puntos_de_energia;;puntos_de_energia_AD010;Central eléctrica;;4326;entidad;0;leyenda, geom, nombre_geografico, termino_generico, termino_especifico, autoridad_de_fuente, fuente_de_captura;Edificio y equipamiento necesario para la generación de energía eléctrica.;central_electrica_visor
industria-servicios;db_publicacion_catalogo;catalogo;sig_puntos_de_extraccion;;puntos_de_extraccion_AA010;Mina;;4326;entidad;0;geom, leyenda, nombre_geografico, termino_generico, termino_especifico, estado_, producto, autoridad_de_fuente, fuente_de_captura;Sitio destinado a la extracción de minerales metalíferos y no metalíferos por galerías subterráneas o a cielo abierto.;mina_visor
industria-servicios;db_publicacion_catalogo;catalogo;sig_areas_de_fabricacion_y_procesamiento;;areas_de_fabricacion_y_procesamiento_AC070;Áreas de fabricación y procesamiento;;4326;entidad;1;geom, leyenda, nombre_geografico, termino_generico, termino_especifico,  autoridad_de_fuente, fuente_de_captura;Conjunto de instalaciones para producción o procesamiento de materias primas, transformándolas en bienes o productos utilizables en otras actividades. Incluye parques industriales y polos petroquímicos.;areas_de_fabricacion_y_procesamiento_visor
limites;db_publicacion_catalogo;catalogo;sig_zona_de_frontera;;zona_de_frontera_070113;Zona de Frontera Área;;4326;entidad;0;leyenda, geom, autoridad_de_fuente ;Zona adyacente al límite internacional, que constituye una zona de seguridad destinada a complementar las previsiones territoriales de la defensa nacional y/o un área prioritaria para su desarrollo.;zona_de_frontera_visor
limites;db_publicacion_catalogo;catalogo;sig_area_protegida;;area_protegida_070115;Área protegida;;4326;entidad;0;leyenda, geom, nombre_geografico, termino_generico, termino_especifico, autoridad_de_fuente;Área de tierra y/o mar destinada a la protección y mantenimiento de la diversidad biológica y de los recursos naturales y culturales asociados.;area_protegida_visor
limites;db_publicacion_catalogo;catalogo;sig_departamento;;departamento_FA001;Departamento;;4326;entidad;0;leyenda, geom, nombre_geografico, termino_generico, termino_especifico, autoridad_de_fuente ;División político administrativa de segundo orden que incluye partido y comuna.;departamento_visor
limites;db_publicacion_catalogo;catalogo;sig_linea_de_limite;;linea_de_limite_FA004;Límite internacional;;4326;entidad;11;leyenda, geom, nombre_geografico, termino_generico, termino_especifico, autoridad_de_fuente ;Línea que constituye la representación de la traza demarcadora que delimita un país.;limite_internacional_visor
limites;db_publicacion_catalogo;catalogo;sig_provincia;;provincia_FA003;Provincia;;4326;entidad;0;leyenda, geom, nombre_geografico, termino_generico, termino_especifico, autoridad_de_fuente ;División político territorial de primer orden. Incluye la Ciudad Autónoma de Buenos Aires (CABA).;provincia_visor
modelos-digitales-elevaciones;db_publicacion_geodesia;geodesia;geodesia_mde;;mde_5m;MDE 5m;;4326;id_proyecto;3;geom, nombre, archivo, link;Modelos Digitales de Elevaciones (MDE) con resolución espacial de 5 metros y precisión vertical submétrica, desarrollados a partir de relevamientos aerofotogramétricos.;mde_5m_visor
modelos-digitales-elevaciones;db_publicacion_geodesia;geodesia;geodesia_mde;;mde_mdt_externos;MDE MDT Externos;;4326;id_proyecto;5;geom, nombre, archivo, link;Modelos Digitales de Elevaciones (MDE) y Modelos Digitales de Terreno (MDT) con resolución espacial y precisión vertical variable, en función de la tecnología y metodología utilizada para su determinación.;mde_mdt_externos_visor
modelos-digitales-elevaciones;db_publicacion_geodesia;geodesia;geodesia_mde;;mde_mdt_vant;MDE MDT VANT;;4326;id_proyecto;5;geom, nombre, archivo, link;Modelos Digitales de Elevaciones (MDE) y Modelos Digitales de Terreno (MDT) con resolución espacial y precisión vertical decimétrica, desarrollados a partir de relevamientos fotogramétricos realizados con Vehículos Aéreos no Tripulados (VANT).;mde_mdt_vant_visor
modelos-digitales-elevaciones;db_publicacion_geodesia;geodesia;geodesia_mde;;mde_srtm_30m;MDE SRTM 30m;;4326;id_proyecto;1;geom, nombre, archivo, link;Modelos Digitales de Elevaciones (MDE) con resolución espacial de 30 metros y precisión vertical de aproximadamente 3 metros, desarrollados a partir de los datos capturados por la misión espacial Shuttle Radar Topography Mission (SRTM).;mde_srtm_30m_visor
modelos-digitales-elevaciones;db_publicacion_geodesia;geodesia;geodesia_mde;;mdt_30m;MDT 30m;;4326;id_proyecto;4;geom, nombre, archivo, link;Modelos Digitales de Terreno (MDT) con resolución espacial de 30 metros y precisión vertical submétrica, desarrollados a partir de la aplicación de procesos de restitución fotogramétrica digital.;mdt_30m_visor
nomenclador;db_publicacion_nomenclador;nomenclador;v_geodesia_demarcacion;;v_geodesia_demarcacion;Divisiones administrativas ;;4326;;;;;
nomenclador;db_publicacion_nomenclador;nomenclador;v_habitat_infraestructura;;v_habitat_infraestructura;Lugares poblados y edificaciones ;;4326;;;;;
nomenclador;db_publicacion_nomenclador;nomenclador;v_hidrografia_oceanografia;;v_hidrografia_oceanografia;Hidrografía ;;4326;;;;;
nomenclador;db_publicacion_nomenclador;nomenclador;v_relieve_suelo;;v_relieve_suelo;Orografía ;;4326;;;;;
nomenclador;db_publicacion_nomenclador;nomenclador;v_transporte;;v_transporte;Infraestructura de transporte ;;4326;;;;;
relieve-suelo;db_publicacion_catalogo;catalogo;sig_areas_de_glaciologia;;areas_de_glaciologia_BJ030;Glaciar;;4326;entidad;0;leyenda, geom, nombre_geografico, termino_generico, termino_especifico, autoridad_de_fuente ;Masa de hielo permanente y en movimiento, alimentada desde un ventisquero y que en forma de lengua ocupa un valle moviéndose cuesta abajo. También incluye glaciar de circo.;glaciar_area_visor
relieve-suelo;db_publicacion_catalogo;catalogo;sig_puntos_de_glaciologia;;puntos_de_glaciologia_BJ030;Glaciar;;4326;entidad;0;leyenda, geom, nombre_geografico, termino_generico, termino_especifico, autoridad_de_fuente ;Masa de hielo permanente y en movimiento, alimentada desde un ventisquero y que en forma de lengua ocupa un valle moviéndose cuesta abajo. También incluye glaciar de circo.;glaciar_punto_visor
relieve-suelo;db_publicacion_catalogo;catalogo;sig_puntos_de_geomorfologia;;puntos_de_geomorfologia_CA030;Punto acotado ;;4326;entidad;5;geom, leyenda, nombre_geografico, termino_generico, termino_especifico, autoridad_de_fuente, altitud, tipo_de_geoforma, tipo_de_punto_acotado, metodo_de_obtencion_punto, fuente_de_captura ;Punto del terreno que ha sido medido altimétricamente y no está materializado en el terreno.;punto_acotado_visor
relieve-suelo;db_publicacion_catalogo;catalogo;sig_puntos_de_geomorfologia;;puntos_de_geomorfologia_DB120;Abra, paso, portillo, portezuelo;;4326;entidad;0;leyenda, geom, nombre_geografico, termino_generico, termino_especifico, autoridad_de_fuente ;Depresión del terreno entre dos alturas o cerros, que constituye un portal en unos casos o simplemente una puerta de paso a valles situados a ambos lados.;abra_paso_portillo_visor
relieve-suelo;db_publicacion_catalogo;catalogo;sig_puntos_de_geomorfologia;;puntos_de_geomorfologia_NA100;Cerro;;4326;entidad;2;leyenda, geom, nombre_geografico, termino_generico, termino_especifico, autoridad_de_fuente ;Elevación que sobresale de los lineamientos serranos o montañosos. Incluye monte, morro, nevado, pico, volcán. El nevado es un cerro de gran altura que posee nieves perpetuas en su cumbre y permanece blanco durante todo el año. Un pico es una elevación montañosa, de cumbre aguda y puntiaguda con flancos escarpados. Un volcán es una abertura o grieta de la superficie terrestre, a través de la cual ascienden la lava o magma y gases que provienen de zonas profundas y que liberan importantes cantidades de energía térmica y cinética. También incluye loma, peña, bordo, alto, bajo, colina, entre otros.;cerros_visor
transporte;db_publicacion_catalogo;catalogo;sig_areas_de_transporte_aereo;;areas_de_transporte_aereo_GB001;Aeródromo;;4326;entidad;1;leyenda, geom, nombre_geografico, termino_generico, termino_especifico, autoridad_de_fuente ;Lugar de aterrizaje de aeronaves de menor porte que un aeropuerto, con o sin instalaciones de servicios y sin aduana. Incluye aeroclub.;aerodromo_area_visor
transporte;db_publicacion_catalogo;catalogo;sig_puntos_de_transporte_aereo;;puntos_de_transporte_aereo_GB001;Aeródromo;;4326;entidad;1;leyenda, geom, nombre_geografico, termino_generico, termino_especifico, autoridad_de_fuente ;Lugar de aterrizaje de aeronaves de menor porte que un aeropuerto, con o sin instalaciones de servicios y sin aduana. Incluye aeroclub.;aerodromo_puntos_visor
transporte;db_publicacion_catalogo;catalogo;sig_puntos_de_transporte_aereo;;puntos_de_transporte_aereo_GB005;Aeropuerto;;4326;entidad;0;objeto, geom, nombre_geografico, termino_generico, termino_especifico, autoridad_de_fuente ;Estación terrestre provista de un conjunto de pistas, instalaciones y servicios destinados al tráfico regular de aeronaves. Puede tener aduana.;aeropuerto_puntos_visor
transporte;db_publicacion_catalogo;catalogo;sig_areas_de_transporte_aereo;;areas_de_transporte_aereo_GB005;Aeropuerto;;4326;entidad;0;leyenda, geom, nombre_geografico, termino_generico, termino_especifico, autoridad_de_fuente ;Estación terrestre provista de un conjunto de pistas, instalaciones y servicios destinados al tráfico regular de aeronaves. Puede tener aduana.;aeropuerto_areas_visor
transporte;db_publicacion_catalogo;catalogo;sig_lineas_de_transporte_ferroviario;;lineas_de_transporte_ferroviario_AN010;Ferrocarril;;4326;entidad;0;leyenda, geom, nombre_geografico, termino_generico, termino_especifico, autoridad_de_fuente ;Vía férrea constituida por dos o tres rieles o carriles paralelos entre sí, sobre los cuales encajan y giran las ruedas de las locomotoras y vagones que conforman los trenes.;lineas_de_transporte_ferroviario_visor
transporte;db_publicacion_catalogo;catalogo;sig_puntos_de_transporte_ferroviario;;puntos_de_transporte_ferroviario_AN070;Estación de ferrocarril;;4326;entidad;0;objeto, geom,nombre_geografico, termino_generico, termino_especifico, autoridad_de_fuente;Conjunto de instalaciones edilicias y demás dependencias donde regularmente se detiene el transporte ferroviario, suben y bajan pasajeros y/o mercancías.;puntos_de_transporte_ferroviario_visor
transporte;db_publicacion_catalogo;catalogo;sig_puntos_de_transporte_aereo;;puntos_de_transporte_aereo_GB035;Helipuerto;;4326;entidad;2;objeto, geom,nombre_geografico, termino_generico, termino_especifico, autoridad_de_fuente  ;Pista circular marcada con una letra ¨H¨, para la operación de aeronaves de despegue vertical. Puede incluir instalaciones asociadas.;helipuerto_puntos_visor
transporte;db_publicacion_catalogo;catalogo;sig_areas_de_transporte_aereo;;areas_de_transporte_aereo_GB035;Helipuerto;;4326;entidad;2;leyenda, geom, nombre_geografico, termino_generico, termino_especifico, autoridad_de_fuente ;Pista circular marcada con una letra ¨H¨, para la operación de aeronaves de despegue vertical. Puede incluir instalaciones asociadas.;helipuerto_area_visor
transporte;db_publicacion_catalogo;catalogo;sig_controles;;controles_puestos_AH070;Puesto de control;;4326;entidad;0;leyenda, geom, nombre_geografico, termino_generico, termino_especifico, autoridad_de_fuente, tipo_de_puesto_de_control, fuente_de_captura ;Conjunto de instalaciones para controlar el paso, declarar y/o inspeccionar los bienes, vehículos y/o personas.;puesto_de_control_visor
transporte;db_publicacion_catalogo;catalogo;sig_vial;;vial_AP030;Red Vial;;4326;entidad;0;geom, leyenda, nombre_geografico, nombre_geografico_2, tipo_de_superficie_de_via, tipo_de_via_de_transporte, separacion_vial, jurisdiccion_de_via_de_transporte, ubicacion_vertical_relativa, autoridad_de_fuente, autoridad_responsable, fuente_de_captura, nr as número_ruta, estado_;Trayecto diseñado con una superficie especialmente preparada, que se mantiene para ser usado por vehículos generalmente a motor.;vial_visor
